title,subjects,classification_codes,assigned_department,score,runner_up,runner_up_score,margin,evidence_families,decision,reasons,precision_ok
L’agriculture tropicale en milieu insulaire entre tradition et innovation,agriculture; enjeu; production; soutien; Polynésie française,"THEMA EDITEUR::R EARTH SCIENCES, GEOGRAPHY, ENVIRONMENT, PLANNING::RG GEOGRAPHY::RGC HUMAN GEOGRAPHY | THEMA EDITEUR::J SOCIETY AND SOCIAL SCIENCES::JB SOCIETY AND CULTURE: GENERAL::JBC CULTURAL AND MEDIA STUDIES::JBCC CULTURAL STUDIES::JBCC4 CULTURAL STUDIES: FOOD AND SOCIETY",Agriculture,16,Education and Social Sciences,4,12,subject+title,strong,subject keyword +4; title +4; subject keyword +4; title +4,Y
Výzkum v didaktice cizích jazyků III,Foreign language didactics; linguistics; theoretical foundation; empirical research,THEMA EDITEUR::C LANGUAGE AND LINGUISTICS::CJ LANGUAGE TEACHING AND LEARNING::CJB LANGUAGE TEACHING AND LEARNING MATERIAL AND COURSEWORK,Arts,6,,0,6,code+subject,strong,code C +2; subject keyword +4,Y
Basal Cell Carcinoma,Oncology,THEMA EDITEUR::M MEDICINE AND NURSING::MJ CLINICAL AND INTERNAL MEDICINE::MJC DISEASES AND DISORDERS::MJCL ONCOLOGY,Medical Sciences,9,,0,9,code+subject+abstract,strong,code MJ +4; subject keyword +4; abstract +1,Y
Bildung im Comic,Bildungsroman; Bildung; Erziehung; Comic; Manga; Japan; Hermeneutik des Comics; Optimismus; Fiktion; Education; Comic; Manga; Hermeneutics of the Comic; Optimism,"THEMA EDITEUR::A THE ARTS::AK DESIGN, INDUSTRIAL AND COMMERCIAL ARTS, ILLUSTRATION::AKL ILLUSTRATION AND COMMERCIAL ART::AKLC COMIC BOOK AND CARTOON ARTWORK | THEMA EDITEUR::J SOCIETY AND SOCIAL SCIENCES::JN EDUCATION | THEMA EDITEUR::A THE ARTS::AK DESIGN, INDUSTRIAL AND COMMERCIAL ARTS, ILLUSTRATION::AKL ILLUSTRATION AND COMMERCIAL ART::AKLC COMIC BOOK AND CARTOON ARTWORK::AKLC1 GRAPHIC NOVEL AND MANGA ARTWORK",Education and Social Sciences,21,Arts,4,17,code+subject+title+abstract,strong,code JN +4; code JB +4; subject keyword +4; subject keyword +4; title +4; abstract +1,Y
Historia general de México ilustrada,History of the Americas,THEMA EDITEUR::N HISTORY AND ARCHAEOLOGY::NH HISTORY::NHK HISTORY OF THE AMERICAS,Arts,6,,0,6,code+subject,strong,code N +2; subject keyword +4,Y
La psychologie environnementale,stress; psychologie de l'environnement; environnement; écologie sociale,THEMA EDITEUR::N HISTORY AND ARCHAEOLOGY::NH HISTORY,Education and Social Sciences,9,Arts,2,7,subject+title+abstract,strong,subject keyword +4; title +4; abstract +1,Y
Redirecting Innovation in U.S. Health Care,Health Sciences; History,THEMA EDITEUR::N HISTORY AND ARCHAEOLOGY::NH HISTORY::NHK HISTORY OF THE AMERICAS | THEMA EDITEUR::M MEDICINE AND NURSING::MB MEDICINE: GENERAL ISSUES::MBG MEDICAL EQUIPMENT AND TECHNIQUES | THEMA EDITEUR::M MEDICINE AND NURSING::MB MEDICINE: GENERAL ISSUES::MBQ MEDICOLEGAL ISSUES,Medical Sciences,9,Arts,6,3,code+title+abstract,strong,code MB +4; title +4; abstract +1,Y
Green and Sustainable Infrastructure Construction Materials,sustainable infrastructure materials; green cement concrete; asphalt and mixtures; material and structure of road engineering,"THEMA EDITEUR::T TECHNOLOGY, ENGINEERING, AGRICULTURE, INDUSTRIAL PROCESSES::TB TECHNOLOGY: GENERAL ISSUES | THEMA EDITEUR::T TECHNOLOGY, ENGINEERING, AGRICULTURE, INDUSTRIAL PROCESSES::TB TECHNOLOGY: GENERAL ISSUES::TBX HISTORY OF ENGINEERING AND TECHNOLOGY",Civil / Construction Engineering,9,Applied Sciences,1,8,subject+title+abstract,strong,subject keyword +4; title +4; abstract +1,Y
Seizures,"epilepsy, epidemiology, immunotherapy, stroke, hiv, algorithm","THEMA EDITEUR::M MEDICINE AND NURSING::MK MEDICAL SPECIALTIES, BRANCHES OF MEDICINE::MKJ NEUROLOGY AND CLINICAL NEUROPHYSIOLOGY",Medical Sciences,9,Computer / IT,4,5,code+subject+abstract,strong,code MK +4; subject keyword +4; abstract +1,Y
Psychological Factors as Determinants of Medical Conditions,psychological factors; adherence; compliance; anxiety; stress; quality of life; emotional distress; chronic diseases,THEMA EDITEUR::P MATHEMATICS AND SCIENCE::PD SCIENCE: GENERAL ISSUES | THEMA EDITEUR::J SOCIETY AND SOCIAL SCIENCES::JM PSYCHOLOGY,Education and Social Sciences,12,Medical Sciences,4,8,code+subject+title,strong,code JM +4; subject keyword +4; title +4,N (borderline: psychology of medical conditions)
La (dis)continuité en Droit,espace normatif; évolution; transition; perpétuation; rupture,BIC BOOK INDUSTRY COMMUNICATION::L LAW,Law,7,,0,7,code+title+abstract,strong,code L +2; title +4; abstract +1,Y
Assessing the Value of U.S. Army International Activities,Political Science; Management & Organizational Behavior,"THEMA EDITEUR::K ECONOMICS, FINANCE, BUSINESS AND MANAGEMENT::KJ BUSINESS AND MANAGEMENT::KJM MANAGEMENT AND MANAGEMENT TECHNIQUES::KJMV MANAGEMENT OF SPECIFIC AREAS::KJMV2 PERSONNEL AND HUMAN RESOURCES MANAGEMENT | THEMA EDITEUR::J SOCIETY AND SOCIAL SCIENCES::JW WARFARE AND DEFENCE",Management,13,Education and Social Sciences,4,9,code+subject,strong,code KJ +4; code KJM +5; subject keyword +4,Y
Multiscale and Innovative Kinetic Approaches in Heterogeneous Catalysis,microkinetics; n/a; internal effectiveness factor; FTIR spectroscopy; automation; power-law; AEIR method; promoter; TAP reactor; rhodium; Temkin model; mechanism analysis; H2S; N2O,"THEMA EDITEUR::T TECHNOLOGY, ENGINEERING, AGRICULTURE, INDUSTRIAL PROCESSES::TB TECHNOLOGY: GENERAL ISSUES::TBX HISTORY OF ENGINEERING AND TECHNOLOGY",Chemistry,9,Law,4,5,subject+title+abstract,strong,subject keyword +4; title +4; abstract +1,Y
Smoke Signals,Public Health; Health Policy; Health Sciences; Sociology,"THEMA EDITEUR::M MEDICINE AND NURSING::MB MEDICINE: GENERAL ISSUES::MBN PUBLIC HEALTH AND PREVENTIVE MEDICINE | THEMA EDITEUR::V HEALTH, RELATIONSHIPS AND PERSONAL DEVELOPMENT::VF FAMILY AND HEALTH::VFD POPULAR MEDICINE AND HEALTH | THEMA EDITEUR::M MEDICINE AND NURSING::MB MEDICINE: GENERAL ISSUES::MBQ MEDICOLEGAL ISSUES",Medical Sciences,18,Education and Social Sciences,12,6,code+subject+abstract,strong,code MB +4; code MBN +5; code MJ +4; subject keyword +4; abstract +1,Y
From Preschool to Prosperity,Education; Political Science,"BIC BOOK INDUSTRY COMMUNICATION::J SOCIETY & SOCIAL SCIENCES::JN EDUCATION::JNL SCHOOLS::JNLA PRE-SCHOOL & KINDERGARTEN | BIC BOOK INDUSTRY COMMUNICATION::R EARTH SCIENCES, GEOGRAPHY, ENVIRONMENT, PLANNING::RP REGIONAL & AREA PLANNING::RPC URBAN & MUNICIPAL PLANNING | BIC BOOK INDUSTRY COMMUNICATION::J SOCIETY & SOCIAL SCIENCES::JN EDUCATION",Education and Social Sciences,9,Commerce,1,8,code+subject+abstract,strong,code JN +4; subject keyword +4; abstract +1,Y
Promesses alimentaires,sociologie; alimentation; anthropologie; histoire,THEMA EDITEUR::J SOCIETY AND SOCIAL SCIENCES::JB SOCIETY AND CULTURE: GENERAL::JBC CULTURAL AND MEDIA STUDIES::JBCC CULTURAL STUDIES::JBCC4 CULTURAL STUDIES: FOOD AND SOCIETY | THEMA EDITEUR::J SOCIETY AND SOCIAL SCIENCES::JH SOCIOLOGY AND ANTHROPOLOGY::JHB SOCIOLOGY | THEMA EDITEUR::J SOCIETY AND SOCIAL SCIENCES::JH SOCIOLOGY AND ANTHROPOLOGY::JHM ANTHROPOLOGY,Education and Social Sciences,12,,0,12,code+subject,strong,code JB +4; code JH +4; subject keyword +4,Y
Sports Science and Human Health,Medical bioinformatics,THEMA EDITEUR::M MEDICINE AND NURSING::MB MEDICINE: GENERAL ISSUES::MBD MEDICAL PROFESSION::MBDC MEDICAL ETHICS AND PROFESSIONAL CONDUCT,Medical Sciences,8,Bio Technology,4,4,code+subject,strong,code MB +4; subject keyword +4,Y
Roles of NF-κB in Cancer and Their Therapeutic Approaches,solid tumors hematological malignancies; animal models; biomarkers; cancer targeted therapeutics; oncogenomics; mechanism-based drug development; cancer targeted diagnosis; molecular targets; NF-kB subunit; epigenetics; NF-kB signaling pathways; miRNA; ubiquitin-proteasome pathway; clinical trials,"THEMA EDITEUR::P MATHEMATICS AND SCIENCE::PS BIOLOGY, LIFE SCIENCES",Medical Sciences,9,Life Sciences,4,5,subject+title+abstract,strong,subject keyword +4; title +4; abstract +1,Y
Ophthalmic Drug Delivery,excitotoxicity; neurodegeneration; retina; microparticles; controlled drug release; rebamipide; sustained delivery system; dry eye; eyelid; mucin; ocular pharmacokinetics; ocular drug delivery systems; ocular routes of drug administration; intravitreal administration,"THEMA EDITEUR::M MEDICINE AND NURSING | THEMA EDITEUR::K ECONOMICS, FINANCE, BUSINESS AND MANAGEMENT::KN INDUSTRY AND INDUSTRIAL STUDIES::KND MANUFACTURING INDUSTRIES",Pharmacy,10,Medical Sciences,5,5,subject+title+abstract,strong,subject keyword +4; title +4; abstract +1; abstract +1,Y
Innovative Concepts for Alternative Migration Policies,Political Science; Sociology,BIC BOOK INDUSTRY COMMUNICATION::J SOCIETY & SOCIAL SCIENCES::JP POLITICS & GOVERNMENT | BIC BOOK INDUSTRY COMMUNICATION::J SOCIETY & SOCIAL SCIENCES::JP POLITICS & GOVERNMENT::JPB COMPARATIVE POLITICS | BIC BOOK INDUSTRY COMMUNICATION::J SOCIETY & SOCIAL SCIENCES::JH SOCIOLOGY & ANTHROPOLOGY::JHB SOCIOLOGY,Education and Social Sciences,16,,0,16,code+subject,strong,code JP +4; code JH +4; subject keyword +4; subject keyword +4,Y
Wirtschaftsethische Perspektiven VI.,Sociology,THEMA EDITEUR::J SOCIETY AND SOCIAL SCIENCES::JB SOCIETY AND CULTURE: GENERAL,Education and Social Sciences,12,,0,12,code+subject,strong,code JB +4; subject keyword +4; subject keyword +4,Y
"Revolutionaries, Monarchists, and Chinatowns",Sociology; History,"THEMA EDITEUR::N HISTORY AND ARCHAEOLOGY::NH HISTORY::NHF ASIAN HISTORY | THEMA EDITEUR::N HISTORY AND ARCHAEOLOGY::NH HISTORY::NHK HISTORY OF THE AMERICAS | THEMA EDITEUR::J SOCIETY AND SOCIAL SCIENCES::JB SOCIETY AND CULTURE: GENERAL::JBS SOCIAL GROUPS, COMMUNITIES AND IDENTITIES::JBSL ETHNIC STUDIES",Education and Social Sciences,12,Arts,6,6,code+subject,strong,code JB +4; subject keyword +4; subject keyword +4,Y
Thrombolysis and Thrombectomy in Acute Ischemic Stroke,ischemic stroke; acute kidney injury; contrast media; endovascular treatment; outcome; hyperglycemia; acute ischemic stroke; large vessel occlusion; mechanical thrombectomy; stroke; ischemia; machine learning; cerebral infarction; biomarkers,"THEMA EDITEUR::M MEDICINE AND NURSING | THEMA EDITEUR::M MEDICINE AND NURSING::MK MEDICAL SPECIALTIES, BRANCHES OF MEDICINE::MKG PHARMACOLOGY",Medical Sciences,9,Dental,5,4,code+subject+abstract,strong,code MK +4; subject keyword +4; abstract +1,Y
Serafim Leite: Diário de um jesuíta historiador (1915–1967),Memories; Luso-Brazilian History; History of the Jesuits; History of the Church in the 20th Century,THEMA EDITEUR::N HISTORY AND ARCHAEOLOGY,Arts,6,,0,6,code+subject,strong,code N +2; subject keyword +4,Y
Cancer Immunology,NKG2D; CAR T; IL-7; prostate cancer; cell therapy; CD19-CAR-T; B cell aplasia; KIR; PD-1; inhibitory CAR; tumor-infiltrating lymphocytes; tumor microenvironment; immunotherapy; NK cells,THEMA EDITEUR::M MEDICINE AND NURSING,Medical Sciences,9,Life Sciences,1,8,subject+title+abstract,strong,subject keyword +4; title +4; abstract +1,Y
Decolonial Engagements in Anthropology,Decoloniality; Anthropology; Museums; Indigenous Peoples; Advocacy; Feminism; Engagement,JHM | GTS | JHMC,Education and Social Sciences,13,,0,13,code+subject+title+abstract,strong,code JHM +4; subject keyword +4; title +4; abstract +1,Y
"Slavery in the International Women's Movement, 1832–1914",History of slavery and abolition; Gender history; Memory studies; Global history and cultural history,THEMA EDITEUR::N HISTORY AND ARCHAEOLOGY::NH HISTORY::NHB GENERAL AND WORLD HISTORY,Arts,7,,0,7,code+subject+abstract,strong,code N +2; subject keyword +4; abstract +1,Y
Fungicides,Microbiology (non-medical),"THEMA EDITEUR::P MATHEMATICS AND SCIENCE::PS BIOLOGY, LIFE SCIENCES::PSQ MYCOLOGY, FUNGI",Life Sciences,8,Medical Sciences,5,3,code+subject,strong,code PS +4; subject keyword +4,Y
Bayesian Inference,Computer science,THEMA EDITEUR::U COMPUTING AND INFORMATION TECHNOLOGY::UY COMPUTER SCIENCE::UYM COMPUTER MODELLING AND SIMULATION,Computer / IT,9,,0,9,code+subject+abstract,strong,code UY +4; subject keyword +4; abstract +1,Y
Celiac Disease,Hepatology,THEMA EDITEUR::M MEDICINE AND NURSING::MJ CLINICAL AND INTERNAL MEDICINE::MJG ENDOCRINOLOGY,Medical Sciences,9,,0,9,code+title+abstract,strong,code MJ +4; title +4; abstract +1,Y
Cukrarna,art guides; industrial architecture; Ljubljana; Slovenian art; industrijska arhitektura; slovenska umetnost; umetnostni vodniki,"THEMA EDITEUR::1 PLACE QUALIFIERS::1D EUROPE::1DX SOUTHEAST EUROPE::1DXV SLOVENIA | THEMA EDITEUR::A THE ARTS::AG THE ARTS: TREATMENTS AND SUBJECTS::AGA HISTORY OF ART | THEMA EDITEUR::3 TIME PERIOD QUALIFIERS::3M C 1500 ONWARDS TO PRESENT DAY::3MP 20TH CENTURY, C 1900 TO C 1999::3MPB EARLY 20TH CENTURY C 1900 TO C 1950",Architecture,8,Arts,4,4,code+subject,strong,code AM +4; subject keyword +4,Y
Circular Composites,circular economy; composite materials; sustainable materials; structural reuse; life cycle exploration,"THEMA EDITEUR::A THE ARTS::AK DESIGN, INDUSTRIAL AND COMMERCIAL ARTS, ILLUSTRATION::AKP PRODUCT DESIGN | THEMA EDITEUR::R EARTH SCIENCES, GEOGRAPHY, ENVIRONMENT, PLANNING::RN THE ENVIRONMENT::RNU SUSTAINABILITY | THEMA EDITEUR::A THE ARTS::AM ARCHITECTURE::AMC ARCHITECTURAL STRUCTURE AND DESIGN::AMCR ENVIRONMENTALLY-FRIENDLY (‘GREEN’) ARCHITECTURE AND DESIGN",Material Science,9,Arts,4,5,subject+title+abstract,strong,subject keyword +4; title +4; abstract +1,Y
"Kirche, Religion und Engagement in der Zivilgesellschaft","Bürgerschaftliches Engagement, Ehrenamt, Fluchtmigration, Gemeinwohl, Kirchensoziologie, Konfession, neue Organisationsformen, Partizipation, politische Aktivität, Religion, Religionssoziologie, Sozialberichterstattung, Teilhabe, Vertrauen in die Demokratie, Zivilgesellschaft, Migration, Flucht, Religionsgemeinschaften",HRAC,Arts,11,Education and Social Sciences,2,9,code+subject+title+abstract,strong,code HRAC +2; subject keyword +4; title +4; abstract +1,Y
Cities & the Sea,European history,THEMA EDITEUR::N HISTORY AND ARCHAEOLOGY::NH HISTORY::NHD EUROPEAN HISTORY,Arts,6,Architecture,1,5,code+subject,strong,code N +2; subject keyword +4,Y
Things that Travelled,Archaeology,THEMA EDITEUR::N HISTORY AND ARCHAEOLOGY::NK ARCHAEOLOGY,Arts,7,,0,7,code+subject+abstract,strong,code N +2; subject keyword +4; abstract +1,Y
Subjetividad y Cultura : ¿Reflexiones prontas o tardías sobre la investigación en psicoanálisis?,Psicoanálisis; Psicología; Cultura,"BIC BOOK INDUSTRY COMMUNICATION::J SOCIETY & SOCIAL SCIENCES::JM PSYCHOLOGY::JMA PSYCHOLOGICAL THEORY & SCHOOLS OF THOUGHT | THEMA EDITEUR::J SOCIETY AND SOCIAL SCIENCES::JM PSYCHOLOGY::JMA PSYCHOLOGICAL THEORY, SYSTEMS, SCHOOLS AND VIEWPOINTS",Education and Social Sciences,8,,0,8,code+subject,strong,code JM +4; subject keyword +4,Y
Constructivist Blended Learning Approach to Teaching English for Specific Purposes,Language Teaching; Literary Studies; Applied Linguistics; Linguistics; Communications; Literature and Language,BIC BOOK INDUSTRY COMMUNICATION::C LANGUAGE,Education and Social Sciences,9,Arts,6,3,subject+title+abstract,strong,subject keyword +4; title +4; abstract +1,Y
Sustainability with Changing Climate and Extremes,trade conflict; carbon emissions; import and export trade; cooperative emission reduction; meteorological hazards; risk assessment; spatial pattern; population exposure; Qinghai-Tibet Plateau; climate change; slope geohazards; new geohazard clusters; extreme cooling events; Arctic Oscillation,"THEMA EDITEUR::G REFERENCE, INFORMATION AND INTERDISCIPLINARY SUBJECTS::GP RESEARCH AND INFORMATION: GENERAL | THEMA EDITEUR::K ECONOMICS, FINANCE, BUSINESS AND MANAGEMENT::KC ECONOMICS::KCV ECONOMICS OF SPECIFIC SECTORS::KCVG ENVIRONMENTAL ECONOMICS",Science,9,Commerce,4,5,subject+title+abstract,strong,subject keyword +4; title +4; abstract +1,Y
Crude Oil,Petroleum technology,"THEMA EDITEUR::T TECHNOLOGY, ENGINEERING, AGRICULTURE, INDUSTRIAL PROCESSES::TH ENERGY TECHNOLOGY AND ENGINEERING::THF FOSSIL FUEL TECHNOLOGIES::THFP PETROLEUM TECHNOLOGY",Energy,14,,0,14,code+subject+abstract,strong,code TH +4; code THF +5; subject keyword +4; abstract +1,Y
Pressure Perturbation Approach in Biochemistry and Structural Biology. In memoriam of Dr. Gaston Hui Bon Hoa,protein folding; NMR; high hydrostatic pressure; thermodynamic stability; protein–ligand binding; high pressure; Martian salts; perchlorate; BSA; ANS; viroid; hydrostatic pressure; temperature; structure–activity relationship,"THEMA EDITEUR::G REFERENCE, INFORMATION AND INTERDISCIPLINARY SUBJECTS::GP RESEARCH AND INFORMATION: GENERAL | THEMA EDITEUR::P MATHEMATICS AND SCIENCE::PS BIOLOGY, LIFE SCIENCES | THEMA EDITEUR::P MATHEMATICS AND SCIENCE::PS BIOLOGY, LIFE SCIENCES::PSB BIOCHEMISTRY",Life Sciences,14,Chemistry,5,9,code+title+abstract,strong,code PS +4; code PSB +5; title +4; abstract +1,Y
Artificial Intelligence and Cognitive Computing,data mining; decision-making system; rough set; mixed integer linear programming; assembly clearance; diesel engine quality; Internet of things; Wireless nodes; Hybrid clustering; Multi-hop routing; Network lifetime; Artificial intelligence; data envelopment analysis; decision making,"THEMA EDITEUR::K ECONOMICS, FINANCE, BUSINESS AND MANAGEMENT::KN INDUSTRY AND INDUSTRIAL STUDIES::KNT MEDIA, ENTERTAINMENT, INFORMATION AND COMMUNICATION INDUSTRIES::KNTX INFORMATION TECHNOLOGY INDUSTRIES",Computer / IT,9,Management,5,4,subject+title+abstract,strong,subject keyword +4; title +4; abstract +1,Y
G Protein-Coupled Receptor Kinases (GRKs) and Beta-Arrestins: New Insights into Disease Regulators,GRK; beta-arrestins; cardiovascular; inflammation; cancer,"THEMA EDITEUR::P MATHEMATICS AND SCIENCE::PD SCIENCE: GENERAL ISSUES | THEMA EDITEUR::M MEDICINE AND NURSING::MK MEDICAL SPECIALTIES, BRANCHES OF MEDICINE::MKG PHARMACOLOGY",Medical Sciences,13,Dental,5,8,code+subject+title+abstract,strong,code MK +4; subject keyword +4; title +4; abstract +1,Y
Patrimonio culturale e naturale della Campania,cultural heritage; natural heritage; urban regeneration; architecture; Campania,THEMA EDITEUR::A THE ARTS::AM ARCHITECTURE,Architecture,9,,0,9,code+subject+abstract,strong,code AM +4; subject keyword +4; abstract +1,Y
Cancer Metastasis,"migration, autophagy, chemotherapy, exosomes, hypoxia, colorectal cancer",THEMA EDITEUR::M MEDICINE AND NURSING::MJ CLINICAL AND INTERNAL MEDICINE::MJC DISEASES AND DISORDERS::MJCL ONCOLOGY,Medical Sciences,13,,0,13,code+subject+title+abstract,strong,code MJ +4; subject keyword +4; title +4; abstract +1,Y
Parole migranti in italiano,Glossary; Italian corpus; Migrant words; Migration Literature in Italy; Migratismi,THEMA EDITEUR::C LANGUAGE AND LINGUISTICS,Arts,6,,0,6,code+subject,strong,code C +2; subject keyword +4,Y
Actinomycetes,Streptomyces; biogeography; comparative genomics; diversification; secondary metabolite biosynthetic gene clusters; SMGC; natural products; streptomyces; rishirilide; biosynthesis; polyketides; polynucleotide phosphorylase; ribonuclease; regulation,"THEMA EDITEUR::G REFERENCE, INFORMATION AND INTERDISCIPLINARY SUBJECTS::GP RESEARCH AND INFORMATION: GENERAL | THEMA EDITEUR::P MATHEMATICS AND SCIENCE::PS BIOLOGY, LIFE SCIENCES",Life Sciences,8,Pharmacy,4,4,code+subject,strong,code PS +4; subject keyword +4,Y
"Patient Safety: Delivering Cost-Contained, High Quality, Person-Centered, and Safe Healthcare",patient safety; person-centered care (PCC); economic efficiency; ethics; innovation; technology; decision-making,THEMA EDITEUR::M MEDICINE AND NURSING | THEMA EDITEUR::M MEDICINE AND NURSING::MB MEDICINE: GENERAL ISSUES::MBN PUBLIC HEALTH AND PREVENTIVE MEDICINE,Medical Sciences,13,,0,13,code+title,strong,code MB +4; code MBN +5; title +4,Y
"EBV-Associated Carcinomas: Presence, Role and Prevention Strategies",Epstein-Barr virus; cervical cancer; breast cancer; Epithelial to Mesenchymal transition; EBV vaccine; ebv; Onco-proteins; oral cancer; colorectal cancer,THEMA EDITEUR::M MEDICINE AND NURSING | THEMA EDITEUR::M MEDICINE AND NURSING::MJ CLINICAL AND INTERNAL MEDICINE::MJC DISEASES AND DISORDERS::MJCL ONCOLOGY,Medical Sciences,8,,0,8,code+subject,strong,code MJ +4; subject keyword +4,Y
Access to Public Sector Information Volume 1,Law,THEMA EDITEUR::L LAW::LN LAWS OF SPECIFIC JURISDICTIONS AND SPECIFIC AREAS OF LAW::LND CONSTITUTIONAL AND ADMINISTRATIVE LAW: GENERAL,Law,6,,0,6,code+subject,strong,code L +2; subject keyword +4,Y
Peer Participation and Software,Computing and IT: consumer and user guides; Internet searching,THEMA EDITEUR::U COMPUTING AND INFORMATION TECHNOLOGY::UD DIGITAL LIFESTYLE AND ONLINE WORLD: CONSUMER AND USER GUIDES::UDB INTERNET GUIDES AND ONLINE SERVICES | THEMA EDITEUR::U COMPUTING AND INFORMATION TECHNOLOGY::UD DIGITAL LIFESTYLE AND ONLINE WORLD: CONSUMER AND USER GUIDES::UDB INTERNET GUIDES AND ONLINE SERVICES::UDBD INTERNET SEARCHING,Computer / IT,13,Arts,1,12,code+subject+title+abstract,strong,code UD +4; subject keyword +4; title +4; abstract +1,Y
Process–Structure–Properties in Polymer Additive Manufacturing,Three Point Bending test; mode I fracture toughness; selective laser sintering; polyamide and Alumide; geometrical errors; microstructure.; 3D printing; additive manufacturing; material extrusion; silicone; meniscus implant; material jetting; polymer; machine capability,"THEMA EDITEUR::T TECHNOLOGY, ENGINEERING, AGRICULTURE, INDUSTRIAL PROCESSES::TB TECHNOLOGY: GENERAL ISSUES",Mechanical Engineering,9,Electronics & Telecommunication Engineering,5,4,subject+title+abstract,strong,subject keyword +4; title +4; abstract +1,Y
80 Years of Aerospace Engineering Education in the Netherlands,Aerospace Engineering; aerospace history; engineering education; Dutch aviation; flying labs,"THEMA EDITEUR::K ECONOMICS, FINANCE, BUSINESS AND MANAGEMENT::KN INDUSTRY AND INDUSTRIAL STUDIES::KNG TRANSPORT INDUSTRIES | THEMA EDITEUR::L LAW::LB INTERNATIONAL LAW::LBD INTERNATIONAL LAW: TRANSPORT, COMMUNICATIONS AND COMMERCE::LBDA INTERNATIONAL LAW, TRANSPORT: SPACE AND AEROSPACE LAW | THEMA EDITEUR::T TECHNOLOGY, ENGINEERING, AGRICULTURE, INDUSTRIAL PROCESSES::TR TRANSPORT TECHNOLOGY AND TRADES::TRP AEROSPACE AND AVIATION TECHNOLOGY",Education and Social Sciences,9,Arts,5,4,subject+title+abstract,strong,subject keyword +4; title +4; abstract +1,Y
Volkswirtschaftliche Probleme des deutschen Außenhandels,Außenwirtschaft; Außenhandel; Deutschland; Wirtschaftswissenschaften; Berufsausbildung; Karriere; Karriereaussichten,"THEMA EDITEUR::K ECONOMICS, FINANCE, BUSINESS AND MANAGEMENT::KC ECONOMICS | THEMA EDITEUR::L LAW::LA JURISPRUDENCE AND GENERAL ISSUES",Commerce,8,Law,2,6,code+subject,strong,code KC +4; subject keyword +4,Y
The Next Generation of Scientists in Africa,Education,BIC BOOK INDUSTRY COMMUNICATION::J SOCIETY & SOCIAL SCIENCES::JN EDUCATION | THEMA EDITEUR::J SOCIETY AND SOCIAL SCIENCES::JN EDUCATION,Education and Social Sciences,8,,0,8,code+subject,strong,code JN +4; subject keyword +4,Y
Making Out-of-School-Time Matter,Education,BIC BOOK INDUSTRY COMMUNICATION::J SOCIETY & SOCIAL SCIENCES::JN EDUCATION::JNF EDUCATIONAL STRATEGIES & POLICY | THEMA EDITEUR::J SOCIETY AND SOCIAL SCIENCES::JN EDUCATION::JNF EDUCATIONAL STRATEGIES AND POLICY,Education and Social Sciences,8,Arts,1,7,code+subject,strong,code JN +4; subject keyword +4,Y
Histoire des modernisations agricoles au xxe siècle,agriculture; histoire des techniques; environnement; modernisation,THEMA EDITEUR::A THE ARTS::AM ARCHITECTURE | THEMA EDITEUR::N HISTORY AND ARCHAEOLOGY::NH HISTORY::NHD EUROPEAN HISTORY | THEMA EDITEUR::N HISTORY AND ARCHAEOLOGY::NH HISTORY::NHB GENERAL AND WORLD HISTORY,Agriculture,12,Architecture,4,8,subject+title,strong,subject keyword +4; subject keyword +4; title +4,Y
Buenas prácticas en la educación del cuerpo en la escuela inicial y básica,Educación; Enseñanza de la educación física; Educación corporal; Cuerpo; Deporte,"BIC BOOK INDUSTRY COMMUNICATION::J SOCIETY & SOCIAL SCIENCES::JN EDUCATION | BIC BOOK INDUSTRY COMMUNICATION::W LIFESTYLE, SPORT & LEISURE::WS SPORTS & OUTDOOR RECREATION::WSD SPORTS TRAINING & COACHING::WSDF SPORT SCIENCE, PHYSICAL EDUCATION | THEMA EDITEUR::J SOCIETY AND SOCIAL SCIENCES::JN EDUCATION",Education and Social Sciences,12,,0,12,code+subject+title,strong,code JN +4; subject keyword +4; title +4,Y
Organizational Improvement and Accountability,Education; Sociology,BIC BOOK INDUSTRY COMMUNICATION::J SOCIETY & SOCIAL SCIENCES::JN EDUCATION::JNF EDUCATIONAL STRATEGIES & POLICY | BIC BOOK INDUSTRY COMMUNICATION::J SOCIETY & SOCIAL SCIENCES::JF SOCIETY & CULTURE: GENERAL::JFS SOCIAL GROUPS::JFSP AGE GROUPS::JFSP1 AGE GROUPS: CHILDREN | THEMA EDITEUR::J SOCIETY AND SOCIAL SCIENCES::JN EDUCATION::JNF EDUCATIONAL STRATEGIES AND POLICY,Education and Social Sciences,20,Management,4,16,code+subject,strong,code JN +4; code JF +4; code JB +4; subject keyword +4; subject keyword +4,Y
Ketamine Revisited,Other branches of medicine,"THEMA EDITEUR::M MEDICINE AND NURSING::MK MEDICAL SPECIALTIES, BRANCHES OF MEDICINE::MKA ANAESTHETICS",Medical Sciences,13,,0,13,code+subject+abstract,strong,code MK +4; subject keyword +4; abstract +1; subject keyword +4,Y
L’École primaire française : Étude sociologique,enseignement; système scolaire; école primaire; éducation; inégalité; idéologie,BIC BOOK INDUSTRY COMMUNICATION::J SOCIETY & SOCIAL SCIENCES::JN EDUCATION | THEMA EDITEUR::J SOCIETY AND SOCIAL SCIENCES::JN EDUCATION,Education and Social Sciences,12,,0,12,code+subject+title,strong,code JN +4; subject keyword +4; title +4,Y
Guide des bonnes pratiques de physique médicale,medical physics,BIC BOOK INDUSTRY COMMUNICATION::P MATHEMATICS & SCIENCE::PH PHYSICS | THEMA EDITEUR::P MATHEMATICS AND SCIENCE::PH PHYSICS,Medical Sciences,8,Science,5,3,subject+title,strong,subject keyword +4; title +4,Y
"Comunicación, sociedad y cultura.",Comunicación social; Cambio social; Cultura; Investigación estudiantil; Sociedad; Nariño; Experiencias; Educación; Proceso comunicativo,THEMA EDITEUR::J SOCIETY AND SOCIAL SCIENCES::JB SOCIETY AND CULTURE: GENERAL,Education and Social Sciences,8,,0,8,code+subject,strong,code JB +4; subject keyword +4,Y
O cuidado e a prescrição farmacêutica,"Serviços farmacêuticos, Legislação farmacêutica, Farmácia – Estudo e ensino, Pacientes – Medidas de segurança, Alzheimer, Doença de – Pacientes – Cuidados, Medicamentos – Administração, Medicamentos – Prescrição.",LNTM2,Pharmacy,8,Medical Sciences,4,4,subject+title,strong,subject keyword +4; title +4,Y
De Jaffa jusqu’en Galilée : Les premiers pionniers juifs (1882/1904),Sion; juif; sionisme; judaïsme; pionnier; religion,"THEMA EDITEUR::D BIOGRAPHY, LITERATURE AND LITERARY STUDIES::D BIOGRAPHY, LITERATURE AND LITERARY STUDIES::DN BIOGRAPHY AND NON-FICTION PROSE",Arts,6,,0,6,code+subject,strong,code D +2; subject keyword +4,Y
Short-Term Load Forecasting by Artificial Intelligent Technologies,meta-heuristic algorithms; artificial neural networks (ANNs); knowledge-based expert systems; statistical forecasting models; evolutionary algorithms; short term load forecasting; novel intelligent technologies; support vector regression/support vector machines; seasonal mechanism,THEMA EDITEUR::U COMPUTING AND INFORMATION TECHNOLOGY::UY COMPUTER SCIENCE,Computer / IT,9,Electrical Engineering,1,8,code+subject+abstract,strong,code UY +4; subject keyword +4; abstract +1,Y
"The United States Holocaust Memorial Museum Encyclopedia of Camps and Ghettos, 1933-1945, Volume II",History; European Studies; Slavic Studies; Jewish Studies,THEMA EDITEUR::N HISTORY AND ARCHAEOLOGY::NH HISTORY::NHD EUROPEAN HISTORY | THEMA EDITEUR::N HISTORY AND ARCHAEOLOGY::NH HISTORY::NHT HISTORY: SPECIFIC EVENTS AND TOPICS::NHTB SOCIAL AND CULTURAL HISTORY,Arts,7,,0,7,code+subject+abstract,strong,code N +2; subject keyword +4; abstract +1,Y
Netradiční studenti pedagogických oborů na českých vysokých školách,non-traditional students; education degrees; research; study engagement,"BIC BOOK INDUSTRY COMMUNICATION::J SOCIETY & SOCIAL SCIENCES::JN EDUCATION::JNM HIGHER & FURTHER EDUCATION, TERTIARY EDUCATION | THEMA EDITEUR::J SOCIETY AND SOCIAL SCIENCES::JN EDUCATION::JNM HIGHER EDUCATION, TERTIARY EDUCATION",Education and Social Sciences,12,,0,12,code+subject+title,strong,code JN +4; subject keyword +4; title +4,Y
Diálogos sobre la intervención y el acompañamiento psicosocial,Psicología; intervención; acompañamiento; psicosocial; diálogos,"THEMA EDITEUR::J SOCIETY AND SOCIAL SCIENCES::JM PSYCHOLOGY::JMH SOCIAL, GROUP OR COLLECTIVE PSYCHOLOGY",Education and Social Sciences,8,,0,8,code+subject,strong,code JM +4; subject keyword +4,Y
1. Uluslararası Prof. Dr. Fuat Sezgin İslâm Bilim Tarihi Sempozyumu Bildiriler Kitabı / The 1st International Prof. Dr. Fuat Sezgin Symposium on History of Science in Islam Proceedings Book,,THEMA EDITEUR::N HISTORY AND ARCHAEOLOGY::NH HISTORY | THEMA EDITEUR::Q PHILOSOPHY AND RELIGION::QR RELIGION AND BELIEFS,Arts,9,,0,9,code+title+abstract,strong,code N +2; code Q +2; title +4; abstract +1,Y
Manufacturing the Future,Production engineering,"THEMA EDITEUR::T TECHNOLOGY, ENGINEERING, AGRICULTURE, INDUSTRIAL PROCESSES::TG MECHANICAL ENGINEERING AND MATERIALS::TGP PRODUCTION AND INDUSTRIAL ENGINEERING",Mechanical Engineering,9,Management,1,8,code+title+abstract,strong,code TG +4; title +4; abstract +1,Y
De la Unión Soviética a la Comunidad de Estados Independientes,History of specific lands,THEMA EDITEUR::N HISTORY AND ARCHAEOLOGY::NH HISTORY::NHQ HISTORY OF OTHER GEOGRAPHICAL GROUPINGS AND REGIONS,Arts,6,,0,6,code+subject,strong,code N +2; subject keyword +4,Y
Paths to Innovation,Medical / Physician & Patient,THEMA EDITEUR::M MEDICINE AND NURSING::MB MEDICINE: GENERAL ISSUES::MBD MEDICAL PROFESSION::MBDP DOCTOR / PATIENT RELATIONSHIP,Medical Sciences,9,,0,9,code+subject+abstract,strong,code MB +4; subject keyword +4; abstract +1,Y
"Psychology, Technological Innovation, and Entrepreneurship",psychology; R&D value chain; technological innovation; entrepreneurship; transference,THEMA EDITEUR::P MATHEMATICS AND SCIENCE::PD SCIENCE: GENERAL ISSUES | THEMA EDITEUR::J SOCIETY AND SOCIAL SCIENCES::JM PSYCHOLOGY,Education and Social Sciences,20,Management,8,12,code+subject+title,strong,code JM +4; subject keyword +4; title +4; subject keyword +4; title +4,Y
"Inflammation, Chronic Diseases and Cancer",Medical microbiology & virology,"THEMA EDITEUR::M MEDICINE AND NURSING::MK MEDICAL SPECIALTIES, BRANCHES OF MEDICINE::MKF PATHOLOGY",Medical Sciences,13,Life Sciences,4,9,code+subject+title+abstract,strong,code MK +4; subject keyword +4; title +4; abstract +1,Y
A Portrait of the Visual Arts,Political Science,THEMA EDITEUR::J SOCIETY AND SOCIAL SCIENCES::JP POLITICS AND GOVERNMENT::JPQ CENTRAL / NATIONAL / FEDERAL GOVERNMENT::JPQB CENTRAL / NATIONAL / FEDERAL GOVERNMENT POLICIES,Education and Social Sciences,8,,0,8,code+subject,strong,code JP +4; subject keyword +4,N
Religion romaine et esclavage au Haut-Empire,esclavage; religion; Haut-Empire,THEMA EDITEUR::N HISTORY AND ARCHAEOLOGY::NH HISTORY::NHC ANCIENT HISTORY,Arts,10,,0,10,code+subject+title,strong,code N +2; subject keyword +4; title +4,Y
Recursos educativos para el aula del siglo XXI,Recursos didácticos; Tecnología educativa; Educación ambiental; Innovación docente; Inclusión educativa; Habilidades socioemocionales; Entornos virtuales de aprendizaje,"THEMA EDITEUR::J SOCIETY AND SOCIAL SCIENCES::JN EDUCATION::JNV EDUCATIONAL EQUIPMENT AND TECHNOLOGY, COMPUTER-AIDED LEARNING (CAL) | THEMA EDITEUR::J SOCIETY AND SOCIAL SCIENCES::JN EDUCATION::JNT TEACHING SKILLS AND TECHNIQUES",Education and Social Sciences,9,Computer / IT,1,8,code+abstract+subject,strong,code JN +4; abstract +1; subject keyword +4,Y
Electrochemistry,Electrochemistry & magnetochemistry,"THEMA EDITEUR::P MATHEMATICS AND SCIENCE::PN CHEMISTRY::PNF ANALYTICAL CHEMISTRY::PNFS SPECTRUM ANALYSIS, SPECTROCHEMISTRY, MASS SPECTROMETRY",Chemistry,13,Mechanical Engineering,1,12,code+subject+title+abstract,strong,code PN +4; subject keyword +4; title +4; abstract +1,Y
Leadership,"professional development, education, data mining, leadership styles, transformational leadership, organizational learning","THEMA EDITEUR::K ECONOMICS, FINANCE, BUSINESS AND MANAGEMENT::KJ BUSINESS AND MANAGEMENT::KJM MANAGEMENT AND MANAGEMENT TECHNIQUES::KJMB MANAGEMENT: LEADERSHIP AND MOTIVATION",Management,18,Education and Social Sciences,4,14,code+subject+title+abstract,strong,code KJ +4; code KJM +5; subject keyword +4; title +4; abstract +1,Y
Steroids,Endocrinology,THEMA EDITEUR::M MEDICINE AND NURSING::MJ CLINICAL AND INTERNAL MEDICINE::MJG ENDOCRINOLOGY,Medical Sciences,9,,0,9,code+subject+abstract,strong,code MJ +4; subject keyword +4; abstract +1,Y
Pretoria Student Law Review 2008-2,,BIC BOOK INDUSTRY COMMUNICATION::L LAW,Law,6,,0,6,code+title,strong,code L +2; title +4,Y
"Adorno, o fascismo e o mal",Fascismo; Educação; Bem e mal; Teoria crítica,JN | JPFQ | HP,Education and Social Sciences,14,Arts,2,12,code+abstract+subject,strong,code JN +4; code JPFQ +4; abstract +1; subject keyword +4; abstract +1,Y
Molecular Biology of RNA Viruses,dengue virus; reverse genetics; infectious clone; amino acid substitution; genetically stable; Zika virus; palmitoylation; 2-BP; envelope protein; ZDHHC11; foamy virus; interferon-induced transmembrane proteins; envelope; virus entry,"THEMA EDITEUR::M MEDICINE AND NURSING::MK MEDICAL SPECIALTIES, BRANCHES OF MEDICINE::MKG PHARMACOLOGY::MKGW PSYCHOPHARMACOLOGY",Life Sciences,9,Dental,5,4,subject+title+abstract,strong,subject keyword +4; title +4; abstract +1,Y
25 anos de Clínica de Linguagem,Aquisição de linguagem; Distúrbios da linguagem; Linguagem; Linguística; Fonoaudiologia; Clínica de Linguagem; Falas sintomáticas; Patologias da linguagem; Interacionismo; Alfabetização; Afasia; Diagnóstico clínico; Escuta clínica; Sintoma na fala,THEMA EDITEUR::C LANGUAGE AND LINGUISTICS::CJ LANGUAGE TEACHING AND LEARNING,Medical Sciences,8,Arts,2,6,subject+title,strong,subject keyword +4; title +4,N (borderline: speech-language clinic)
Racial Reconciliation and Privilege,Religion,"THEMA EDITEUR::Q PHILOSOPHY AND RELIGION::QR RELIGION AND BELIEFS::QRM CHRISTIANITY::QRMB CHRISTIAN CHURCHES, DENOMINATIONS, GROUPS | THEMA EDITEUR::Q PHILOSOPHY AND RELIGION::QR RELIGION AND BELIEFS::QRA RELIGION: GENERAL::QRAM RELIGIOUS ISSUES AND DEBATES::QRAM1 RELIGIOUS ETHICS | THEMA EDITEUR::Q PHILOSOPHY AND RELIGION::QR RELIGION AND BELIEFS::QRV ASPECTS OF RELIGION::QRVP RELIGIOUS LIFE AND PRACTICE",Arts,7,,0,7,code+subject+abstract,strong,code Q +2; subject keyword +4; abstract +1,Y
Personalized Medicine in Orthopaedics,clavicle fracture; midshaft fractures; displaced fractures; conservative treatment; wrist; carpal bone; segmentation; deep learning; CNN; periprosthetic joint infection; rheumatoid arthritis; arthroplasty; total knee replacement; total hip replacement,THEMA EDITEUR::M MEDICINE AND NURSING | THEMA EDITEUR::M MEDICINE AND NURSING::MN SURGERY,Medical Sciences,18,Physiotherapy,4,14,code+subject+title+abstract,strong,code MN +4; subject keyword +4; title +4; abstract +1; title +4; abstract +1,Y
"Geld- und Währungspolitik in kleinen, offenen Volkswirtschaften.",Economics,"THEMA EDITEUR::K ECONOMICS, FINANCE, BUSINESS AND MANAGEMENT::KC ECONOMICS::KCB MACROECONOMICS",Commerce,8,,0,8,code+subject,strong,code KC +4; subject keyword +4,Y
Participatory Politics,Impact of science and technology on society; Philosophy and theory of education,THEMA EDITEUR::P MATHEMATICS AND SCIENCE::PD SCIENCE: GENERAL ISSUES::PDR IMPACT OF SCIENCE AND TECHNOLOGY ON SOCIETY | THEMA EDITEUR::J SOCIETY AND SOCIAL SCIENCES::JN EDUCATION::JNA PHILOSOPHY AND THEORY OF EDUCATION,Education and Social Sciences,8,Arts,4,4,code+subject,strong,code JN +4; subject keyword +4,Y
HLA and Associated Important Diseases,Immunology,THEMA EDITEUR::M MEDICINE AND NURSING::MJ CLINICAL AND INTERNAL MEDICINE::MJC DISEASES AND DISORDERS::MJCM IMMUNOLOGY,Medical Sciences,9,,0,9,code+subject+abstract,strong,code MJ +4; subject keyword +4; abstract +1,Y
Animal Husbandry,"Biology, life sciences","THEMA EDITEUR::P MATHEMATICS AND SCIENCE::PS BIOLOGY, LIFE SCIENCES::PSV ZOOLOGY AND ANIMAL SCIENCES",Life Sciences,8,Agriculture,5,3,code+subject,strong,code PS +4; subject keyword +4,N
Yale Divinity School and the Disciples of Christ 1872-1989,Religion,"THEMA EDITEUR::Q PHILOSOPHY AND RELIGION::QR RELIGION AND BELIEFS::QRM CHRISTIANITY::QRMB CHRISTIAN CHURCHES, DENOMINATIONS, GROUPS",Arts,7,Education and Social Sciences,1,6,code+subject+abstract,strong,code Q +2; subject keyword +4; abstract +1,Y
Nordic and European Modernisms,modernisms; Nordic; European; literature; translation; decadence; William Faulkner; Swedish literary criticism; Nobel Prize; modernism; reception history; aesthetics and ideology; meaning and significance; theater,"THEMA EDITEUR::D BIOGRAPHY, LITERATURE AND LITERARY STUDIES",Arts,6,,0,6,code+subject,strong,code D +2; subject keyword +4,Y
The Christianization of Knowledge in Late Antiquity,church history; late antiquity; ancient history; history of ideas,THEMA EDITEUR::Q PHILOSOPHY AND RELIGION::QR RELIGION AND BELIEFS::QRM CHRISTIANITY | THEMA EDITEUR::Q PHILOSOPHY AND RELIGION::QR RELIGION AND BELIEFS::QRA RELIGION: GENERAL::QRAX HISTORY OF RELIGION,Arts,6,,0,6,code+subject,strong,code Q +2; subject keyword +4,Y
In Quest of a Shared Planet,Sustainability; Environmental Science; Anthropology; Public Policy & Administration; Environmental Studies,"THEMA EDITEUR::R EARTH SCIENCES, GEOGRAPHY, ENVIRONMENT, PLANNING::RN THE ENVIRONMENT::RNP POLLUTION AND THREATS TO THE ENVIRONMENT::RNPG CLIMATE CHANGE | THEMA EDITEUR::J SOCIETY AND SOCIAL SCIENCES::JH SOCIOLOGY AND ANTHROPOLOGY::JHM ANTHROPOLOGY | THEMA EDITEUR::R EARTH SCIENCES, GEOGRAPHY, ENVIRONMENT, PLANNING::RN THE ENVIRONMENT::RND ENVIRONMENTAL POLICY AND PROTOCOLS",Education and Social Sciences,8,Science,5,3,code+subject,strong,code JH +4; subject keyword +4,Y
Analysis of Healthcare Interventions that Change Patient Trajectories,Health Sciences,THEMA EDITEUR::M MEDICINE AND NURSING::MB MEDICINE: GENERAL ISSUES::MBQ MEDICOLEGAL ISSUES,Medical Sciences,9,,0,9,code+title+abstract,strong,code MB +4; title +4; abstract +1,Y
Penaid Nonproliferation,Political Science; Technology; History,"THEMA EDITEUR::J SOCIETY AND SOCIAL SCIENCES::JW WARFARE AND DEFENCE::JWM WEAPONS AND EQUIPMENT | THEMA EDITEUR::J SOCIETY AND SOCIAL SCIENCES::JP POLITICS AND GOVERNMENT::JPS INTERNATIONAL RELATIONS::JPSF ARMS NEGOTIATION AND CONTROL | THEMA EDITEUR::T TECHNOLOGY, ENGINEERING, AGRICULTURE, INDUSTRIAL PROCESSES::TT OTHER TECHNOLOGIES AND APPLIED SCIENCES::TTM MILITARY ENGINEERING",Education and Social Sciences,8,Arts,4,4,code+subject,strong,code JP +4; subject keyword +4,Y
Droit et langues étrangères 2,traduction; droit; langage,THEMA EDITEUR::C LANGUAGE AND LINGUISTICS::CB LANGUAGE: REFERENCE AND GENERAL::CBX LANGUAGE: HISTORY AND GENERAL WORKS,Law,8,Arts,2,6,subject+title,strong,subject keyword +4; title +4,Y
Critical Theory of Communication,Business; Sociology; Philosophy,"THEMA EDITEUR::K ECONOMICS, FINANCE, BUSINESS AND MANAGEMENT::KN INDUSTRY AND INDUSTRIAL STUDIES::KNT MEDIA, ENTERTAINMENT, INFORMATION AND COMMUNICATION INDUSTRIES | THEMA EDITEUR::Q PHILOSOPHY AND RELIGION::QD PHILOSOPHY::QDH PHILOSOPHICAL TRADITIONS AND SCHOOLS OF THOUGHT::QDHR WESTERN PHILOSOPHY FROM C 1800 | THEMA EDITEUR::J SOCIETY AND SOCIAL SCIENCES::JH SOCIOLOGY AND ANTHROPOLOGY::JHB SOCIOLOGY",Education and Social Sciences,12,Arts,6,6,code+subject,strong,code JH +4; subject keyword +4; subject keyword +4,Y
Ancient and Archaic Genomes,approximate Bayesian computation; demographic history; human evolution; migration; machine learning; random forest; whole-genome data; ancient DNA; mitochondrial DNA; Mongolian horse; phylogeography; medieval individuals; Transylvania; population genetics,"THEMA EDITEUR::G REFERENCE, INFORMATION AND INTERDISCIPLINARY SUBJECTS::GP RESEARCH AND INFORMATION: GENERAL | THEMA EDITEUR::P MATHEMATICS AND SCIENCE::PS BIOLOGY, LIFE SCIENCES",Life Sciences,8,Computer / IT,4,4,code+subject,strong,code PS +4; subject keyword +4,Y
Johanssonian Investigations. Essays in Honour of Ingvar Johansson on His Seventieth Birthday,Metaphysics Philosophy of Mind,THEMA EDITEUR::Q PHILOSOPHY AND RELIGION::QD PHILOSOPHY,Arts,7,Commerce,1,6,code+subject+abstract,strong,code Q +2; subject keyword +4; abstract +1,Y
