title,subjects,codes,assigned_department,score,runner_up,runner_up_score,score_difference,reasons,precision_ok (fill in: Y/N)
"Salmon Aquaculture","Aquaculture & fish-farming: practice & techniques","THEMA EDITEUR::T TECHNOLOGY, ENGINEERING, AGRICULTURE, INDUSTRIAL PROCESSES::TV AGRICULTURE AND FARMING::TVT AQUACULTURE AND FISH-FARMING","Agriculture",10,"",0,10,"code TV +6; subject keyword +4",
"Perspectives for the Next Generation of Virus Research: Spearheading the Use of Innovative Technologies and Methodologies","virus-host interaction; Nanobiosensor; Technology; Next generation; diagnosis; Re-emerging","THEMA EDITEUR::P MATHEMATICS AND SCIENCE::PS BIOLOGY, LIFE SCIENCES::PSG MICROBIOLOGY (NON-MEDICAL)","Life Sciences",13,"Medical Sciences",5,8,"code PS +6; code PSG +7",
"Teaching and Learning Advances on Sensors for IoT","Internet of Things (IoT); mobile apps; end-user development; App Inventor; block-based languages; map-reduce","THEMA EDITEUR::T TECHNOLOGY, ENGINEERING, AGRICULTURE, INDUSTRIAL PROCESSES::TB TECHNOLOGY: GENERAL ISSUES::TBX HISTORY OF ENGINEERING AND TECHNOLOGY","Education and Social Sciences",9,"Applied Sciences",6,3,"subject keyword +4; title +4; abstract +1",
"Currency Crisis","Special Drawing Rights (SDRs); banking crises; reserve currency; asymmetry; derivative; Asian crisis","BIC BOOK INDUSTRY COMMUNICATION::K ECONOMICS, FINANCE, BUSINESS & MANAGEMENT::KC ECONOMICS::KCM DEVELOPMENT ECONOMICS & EMERGING ECONOMIES","Commerce",11,"Management",4,7,"code KC +6; subject keyword +4; abstract +1",
"Dzieje Uniwersytetu Warszawskiego 1915−1945","history of Warsaw University; secret teaching at the Warsaw University; the interwar period; XXth century; World War II; 200th anniversary of the University of Warsaw","THEMA EDITEUR::D BIOGRAPHY, LITERATURE AND LITERARY STUDIES","Arts",8,"Education and Social Sciences",4,4,"code D +3; subject keyword +4; abstract +1",
"Féminin/masculin : Réflexions sur le genre dans le cinéma et les séries anglophones","Cinéma anglophone; Féminin; Genre; Masculin; Séries","THEMA EDITEUR::A THE ARTS::AT PERFORMING ARTS::ATF FILMS, CINEMA | THEMA EDITEUR::J SOCIETY AND SOCIAL SCIENCES::JB SOCIETY AND CULTURE: GENERAL::JBS SOCIAL GROUPS, COMMUNITIES AND IDENTITIES::JBSF GENDER STUDIES, GENDER GROUPS","Education and Social Sciences",6,"",0,6,"code JB +6",
"Recent Perspectives in Pyrolysis Research","Engineering thermodynamics","THEMA EDITEUR::T TECHNOLOGY, ENGINEERING, AGRICULTURE, INDUSTRIAL PROCESSES::TG MECHANICAL ENGINEERING AND MATERIALS::TGM MATERIALS SCIENCE::TGMB ENGINEERING THERMODYNAMICS","Mechanical Engineering",10,"Material Science",7,3,"code TG +6; subject keyword +4",
"Update on Critical Issues on Infant and Neonatal Care","Neonatal medicine","THEMA EDITEUR::M MEDICINE AND NURSING::MK MEDICAL SPECIALTIES, BRANCHES OF MEDICINE::MKD PAEDIATRIC MEDICINE","Medical Sciences",15,"Life Sciences",1,14,"code MK +6; subject keyword +4; abstract +1; subject keyword +4",
"Boris de Schlœzer (1881-1969)","Biographie; Vie intellectuelle; Philosophie de l'art; XXe siècle; Musique","THEMA EDITEUR::D BIOGRAPHY, LITERATURE AND LITERARY STUDIES::DS LITERATURE: HISTORY AND CRITICISM | THEMA EDITEUR::Q PHILOSOPHY AND RELIGION::QD PHILOSOPHY::QDH PHILOSOPHICAL TRADITIONS AND SCHOOLS OF THOUGHT::QDHR WESTERN PHILOSOPHY FROM C 1800 | THEMA EDITEUR::D BIOGRAPHY, LITERATURE AND LITERARY STUDIES::DN BIOGRAPHY AND NON-FICTION PROSE::DNB BIOGRAPHY: GENERAL","Arts",6,"",0,6,"code D +3; code Q +3",
"Manufacturing the Future","Production engineering","THEMA EDITEUR::T TECHNOLOGY, ENGINEERING, AGRICULTURE, INDUSTRIAL PROCESSES::TG MECHANICAL ENGINEERING AND MATERIALS::TGP PRODUCTION AND INDUSTRIAL ENGINEERING","Mechanical Engineering",11,"Management",1,10,"code TG +6; title +4; abstract +1",
"Single Cell Analysis","single-cell RNA sequencing; cholestatic liver injury; hepatocyte heterogeneity; inflammation; liver tissue repair; single cell mass cytometry","THEMA EDITEUR::G REFERENCE, INFORMATION AND INTERDISCIPLINARY SUBJECTS::GP RESEARCH AND INFORMATION: GENERAL | THEMA EDITEUR::P MATHEMATICS AND SCIENCE::PS BIOLOGY, LIFE SCIENCES","Medical Sciences",9,"Life Sciences",6,3,"subject keyword +4; abstract +1; subject keyword +4",
"Recent Advances in Fractional Calculus","coincidence degree; fractional-order; half-line; m-point; resonance; fractional derivative","THEMA EDITEUR::U COMPUTING AND INFORMATION TECHNOLOGY::UY COMPUTER SCIENCE","Computer / IT",10,"Life Sciences",4,6,"code UY +6; subject keyword +4",
"Uma procissão na geografia","RELIGION","BIC BOOK INDUSTRY COMMUNICATION::H HUMANITIES::HR RELIGION & BELIEFS | THEMA EDITEUR::Q PHILOSOPHY AND RELIGION::QR RELIGION AND BELIEFS","Arts",10,"",0,10,"code H +3; code Q +3; subject keyword +4",
"Blood Pressure","hypertension, pathophysiology, oxidative stress, pregnancy, drug resistance, echocardiography","THEMA EDITEUR::M MEDICINE AND NURSING::MJ CLINICAL AND INTERNAL MEDICINE::MJD CARDIOVASCULAR MEDICINE","Medical Sciences",7,"",0,7,"code MJ +6; abstract +1",
"Staphylococcus and Streptococcus","Bacteriology (non-medical)","THEMA EDITEUR::P MATHEMATICS AND SCIENCE::PS BIOLOGY, LIFE SCIENCES::PSG MICROBIOLOGY (NON-MEDICAL)","Life Sciences",13,"Medical Sciences",4,9,"code PS +6; code PSG +7",
"Value-Added Assessment in Practice","Education","BIC BOOK INDUSTRY COMMUNICATION::J SOCIETY & SOCIAL SCIENCES::JN EDUCATION::JNF EDUCATIONAL STRATEGIES & POLICY | THEMA EDITEUR::J SOCIETY AND SOCIAL SCIENCES::JN EDUCATION::JNF EDUCATIONAL STRATEGIES AND POLICY","Education and Social Sciences",10,"",0,10,"code JN +6; subject keyword +4",
"Relative Sea-Level Changes and their Impact on Coastal Zones","sea-level rise; Mediterranean Sea; tide gauges; natural variability; vertical land motion; Mississippi River Delta","THEMA EDITEUR::G REFERENCE, INFORMATION AND INTERDISCIPLINARY SUBJECTS::GP RESEARCH AND INFORMATION: GENERAL | THEMA EDITEUR::K ECONOMICS, FINANCE, BUSINESS AND MANAGEMENT::KC ECONOMICS::KCV ECONOMICS OF SPECIFIC SECTORS::KCVG ENVIRONMENTAL ECONOMICS","Commerce",10,"Science",5,5,"code KC +6; subject keyword +4",
"Autism Spectrum Disorders","epigenetics; biomarker; anxiety; gene expression; adolescents; polymorphism","THEMA EDITEUR::M MEDICINE AND NURSING::MK MEDICAL SPECIALTIES, BRANCHES OF MEDICINE::MKD PAEDIATRIC MEDICINE","Medical Sciences",7,"Life Sciences",1,6,"code MK +6; abstract +1",
"Partial Differential Equations in Ecology","cross diffusion; Turing patterns; non-constant positive solution; animal movement; correlated random walk; movement ecology","THEMA EDITEUR::G REFERENCE, INFORMATION AND INTERDISCIPLINARY SUBJECTS::GP RESEARCH AND INFORMATION: GENERAL | THEMA EDITEUR::P MATHEMATICS AND SCIENCE","Life Sciences",9,"",0,9,"subject keyword +4; title +4; abstract +1",
"Gas Bearings: Modelling, Design and Applications","aerostatic spindle; fluid–structure interaction; restrictor geometrical parameters; structural dimension; optimal design; bump foil gas bearing","THEMA EDITEUR::T TECHNOLOGY, ENGINEERING, AGRICULTURE, INDUSTRIAL PROCESSES::TB TECHNOLOGY: GENERAL ISSUES | THEMA EDITEUR::T TECHNOLOGY, ENGINEERING, AGRICULTURE, INDUSTRIAL PROCESSES::TB TECHNOLOGY: GENERAL ISSUES::TBX HISTORY OF ENGINEERING AND TECHNOLOGY","Applied Sciences",6,"",0,6,"code TB +6",
"100 Years of Chronogeometrodynamics: The Status of the Einstein's Theory of Gravitation in Its Centennial Year","General Theory of Relativity","BIC BOOK INDUSTRY COMMUNICATION::P MATHEMATICS & SCIENCE::PH PHYSICS | THEMA EDITEUR::P MATHEMATICS AND SCIENCE::PH PHYSICS","Science",6,"",0,6,"code PH +6",
"Universelle Manipulationsstrategien für die industrielle Montage","Roboter; Manipulation; Greifer; Montage; Automatisierung","BIC BOOK INDUSTRY COMMUNICATION::U COMPUTING & INFORMATION TECHNOLOGY::UY COMPUTER SCIENCE","Computer / IT",6,"",0,6,"code UY +6",
"Evangelische Schulseelsorge","Schulkultur; Jugendseelorge; Religion im Schulleben; Jugendarbeit; Kirche und Schule; Jugendtheologie","BIC BOOK INDUSTRY COMMUNICATION::H HUMANITIES::HP PHILOSOPHY::HPS SOCIAL & POLITICAL PHILOSOPHY | THEMA EDITEUR::Q PHILOSOPHY AND RELIGION::QD PHILOSOPHY::QDT TOPICS IN PHILOSOPHY::QDTS SOCIAL AND POLITICAL PHILOSOPHY","Arts",10,"Education and Social Sciences",5,5,"code H +3; code Q +3; subject keyword +4",
"Sleep and its Disorders Affect Society","Psychiatry","THEMA EDITEUR::M MEDICINE AND NURSING::MK MEDICAL SPECIALTIES, BRANCHES OF MEDICINE::MKL PSYCHIATRY","Medical Sciences",12,"Arts",1,11,"code MK +6; subject keyword +4; abstract +1; abstract +1",
"Goodness Gracious, Miss Agnes: Patchwork of Country Living","1896; Farmers' spouses--Middle Tennessee--History--20th century--Biography; Lera Knox; Women journalists--Middle Tennessee--20th century--Biography","THEMA EDITEUR::D BIOGRAPHY, LITERATURE AND LITERARY STUDIES::D BIOGRAPHY, LITERATURE AND LITERARY STUDIES::DN BIOGRAPHY AND NON-FICTION PROSE","Arts",7,"",0,7,"code D +3; subject keyword +4",
"L’Idée sportive, l’idée olympique : quelles réalités au XXIe siècle ?","sport; media; Olympic games; olympic idea","THEMA EDITEUR::J SOCIETY AND SOCIAL SCIENCES::JH SOCIOLOGY AND ANTHROPOLOGY::JHB SOCIOLOGY::JHBS SOCIOLOGY: SPORT AND LEISURE","Education and Social Sciences",6,"",0,6,"code JH +6",
"Ideología y desarrollo","History of the Americas","THEMA EDITEUR::N HISTORY AND ARCHAEOLOGY::NH HISTORY::NHK HISTORY OF THE AMERICAS","Arts",7,"",0,7,"code N +3; subject keyword +4",
"Nefarious Crimes, Contested Justice","Gender studies, gender groups","THEMA EDITEUR::J SOCIETY AND SOCIAL SCIENCES::JB SOCIETY AND CULTURE: GENERAL::JBS SOCIAL GROUPS, COMMUNITIES AND IDENTITIES::JBSF GENDER STUDIES, GENDER GROUPS","Education and Social Sciences",10,"Law",1,9,"code JB +6; subject keyword +4",
"Predicting the Future","","THEMA EDITEUR::T TECHNOLOGY, ENGINEERING, AGRICULTURE, INDUSTRIAL PROCESSES::TB TECHNOLOGY: GENERAL ISSUES::TBX HISTORY OF ENGINEERING AND TECHNOLOGY","Applied Sciences",6,"Computer / IT",1,5,"code TB +6",
"De la Unión Soviética a la Comunidad de Estados Independientes","History of specific lands","THEMA EDITEUR::N HISTORY AND ARCHAEOLOGY::NH HISTORY::NHQ HISTORY OF OTHER GEOGRAPHICAL GROUPINGS AND REGIONS","Arts",7,"",0,7,"code N +3; subject keyword +4",
"Chemical, Physical and Mineralogical Properties of Atmospheric Particulate Matter in the Megacity Beijing","Urban aerosols; Single particle analyses; Anthropogenic and geogenic particles; Bioavailable metal concentrations; Mitigation measures","THEMA EDITEUR::P MATHEMATICS AND SCIENCE::PH PHYSICS","Science",6,"",0,6,"code PH +6",
"Peer Participation and Software","Computing and IT: consumer and user guides; Internet searching","THEMA EDITEUR::U COMPUTING AND INFORMATION TECHNOLOGY::UD DIGITAL LIFESTYLE AND ONLINE WORLD: CONSUMER AND USER GUIDES::UDB INTERNET GUIDES AND ONLINE SERVICES | THEMA EDITEUR::U COMPUTING AND INFORMATION TECHNOLOGY::UD DIGITAL LIFESTYLE AND ONLINE WORLD: CONSUMER AND USER GUIDES::UDB INTERNET GUIDES AND ONLINE SERVICES::UDBD INTERNET SEARCHING","Computer / IT",15,"Management",1,14,"code UD +6; subject keyword +4; title +4; abstract +1",
"Agroforestry for Biodiversity and Ecosystem Services","Environmental policy & protocols","THEMA EDITEUR::R EARTH SCIENCES, GEOGRAPHY, ENVIRONMENT, PLANNING::RN THE ENVIRONMENT::RND ENVIRONMENTAL POLICY AND PROTOCOLS","Life Sciences",11,"Agriculture",5,6,"code RN +6; title +4; abstract +1",
"Longevity, lifestyles and eating","longevity; wellbeing; aging; nutrition","THEMA EDITEUR::M MEDICINE AND NURSING::MB MEDICINE: GENERAL ISSUES::MBN PUBLIC HEALTH AND PREVENTIVE MEDICINE::MBNH PERSONAL AND PUBLIC HEALTH / HEALTH EDUCATION::MBNH3 DIETETICS AND NUTRITION","Medical Sciences",13,"",0,13,"code MB +6; code MBN +7",
"A Genetic Tale: Our Diversity, our Evolution, our Adaptation","genetics; population genetics; genomics; human genomics; biological diversity; immunology","THEMA EDITEUR::P MATHEMATICS AND SCIENCE::PD SCIENCE: GENERAL ISSUES | THEMA EDITEUR::P MATHEMATICS AND SCIENCE::PS BIOLOGY, LIFE SCIENCES","Life Sciences",15,"Science",6,9,"code PS +6; subject keyword +4; title +4; abstract +1",
"From Is to Ought: The Place of Normative Models in the Study of Human Thought","meliorism; normative models; new paradigm; normativism; moral judgment; Bayesianism","BIC BOOK INDUSTRY COMMUNICATION::J SOCIETY & SOCIAL SCIENCES::JM PSYCHOLOGY | THEMA EDITEUR::J SOCIETY AND SOCIAL SCIENCES::JM PSYCHOLOGY","Education and Social Sciences",8,"",0,8,"code JM +6; abstract +1; abstract +1",
"Critical Pluralism, Democratic Performance, and Community Power","Regional, state & other local government","THEMA EDITEUR::J SOCIETY AND SOCIAL SCIENCES::JP POLITICS AND GOVERNMENT::JPR REGIONAL, STATE AND OTHER LOCAL GOVERNMENT","Education and Social Sciences",7,"Computer / IT",1,6,"code JP +6; abstract +1",
"Spin-Crossover Complexes","Stimulus-induced Spin Transition; Spin-Crossover (SCO); Crystal Engineering of SCO and related complexes; Valence Tautomerism; Multifunctionality of SCO and related complexes; Charge-transfer-induced Spin Transition","THEMA EDITEUR::P MATHEMATICS AND SCIENCE::PN CHEMISTRY","Chemistry",7,"Energy",1,6,"code PN +6; abstract +1",
"Infrared Spectroscopy of Archaeological Sediments","archaeology","THEMA EDITEUR::N HISTORY AND ARCHAEOLOGY::NK ARCHAEOLOGY","Arts",8,"Chemistry",5,3,"code N +3; subject keyword +4; abstract +1",
"Percorsi nella Storia dell'arte","Painting; contemporary art","THEMA EDITEUR::A THE ARTS::AB THE ARTS: GENERAL TOPICS","Arts",7,"",0,7,"code AB +6; abstract +1",
"Das Recht der freien Meinungsäußerung. Der Begriff des Gesetzes in der Reichsverfassung. Verhandlungen der Tagung der Vereinigung der Deutschen Staatsrechtslehrer zu München am 24. und 25. März 1927","","BIC BOOK INDUSTRY COMMUNICATION::L LAW","Law",7,"",0,7,"code L +3; title +4",
"Pharmacology and Therapeutics","Pharmacology","THEMA EDITEUR::M MEDICINE AND NURSING::MK MEDICAL SPECIALTIES, BRANCHES OF MEDICINE::MKG PHARMACOLOGY","Pharmacy",18,"Medical Sciences",7,11,"subject keyword +4; title +4; abstract +1; subject keyword +4; title +4; abstract +1",
"Preparing the Army for Stability Operations","Political Science; Management & Organizational Behavior","THEMA EDITEUR::K ECONOMICS, FINANCE, BUSINESS AND MANAGEMENT::KJ BUSINESS AND MANAGEMENT::KJM MANAGEMENT AND MANAGEMENT TECHNIQUES::KJMV MANAGEMENT OF SPECIFIC AREAS::KJMV2 PERSONNEL AND HUMAN RESOURCES MANAGEMENT | THEMA EDITEUR::J SOCIETY AND SOCIAL SCIENCES::JW WARFARE AND DEFENCE | THEMA EDITEUR::J SOCIETY AND SOCIAL SCIENCES::JP POLITICS AND GOVERNMENT::JPV POLITICAL CONTROL AND FREEDOMS","Management",18,"Education and Social Sciences",10,8,"code KJ +6; code KJM +7; subject keyword +4; abstract +1",
"Current Insights Into Host Immune Responses to Human Respiratory Syncytial Virus (RSV) and Challenges Towards Efficient Treatments and Vaccines Against RSV","Respiratory Syncytial Virus; RSV; acute lower respiratory tract infections; ALRI; RSV vaccine","THEMA EDITEUR::M MEDICINE AND NURSING | THEMA EDITEUR::M MEDICINE AND NURSING::MJ CLINICAL AND INTERNAL MEDICINE::MJC DISEASES AND DISORDERS::MJCM IMMUNOLOGY","Medical Sciences",6,"",0,6,"code MJ +6",
"Die Bedeutung des rechtskulturellen Kontexts bei Verfahren vor dem IStGH","Cultural relativism; war crimes; General Principles of Law; principle of legality; universality; Selectivity","THEMA EDITEUR::L LAW::LB INTERNATIONAL LAW::LBB PUBLIC INTERNATIONAL LAW::LBBZ PUBLIC INTERNATIONAL LAW: CRIMINAL LAW","Law",7,"",0,7,"code L +3; subject keyword +4",
"Equal Access to Healthcare in Socially Diverse Societies","Minderheitsgruppen; öffentliche Gesundheit; medical ethics; minorities; Public Health; Recht","JFMG","Medical Sciences",13,"Education and Social Sciences",6,7,"subject keyword +4; title +4; subject keyword +4; abstract +1",
"Evolving Strategies in Peritoneal Dialysis","bacteria, antibiotics, calcium, home care, peritonitis, phosphate","THEMA EDITEUR::M MEDICINE AND NURSING::MJ CLINICAL AND INTERNAL MEDICINE::MJR RENAL MEDICINE AND NEPHROLOGY","Medical Sciences",7,"Nursing",1,6,"code MJ +6; abstract +1",
"Innovation for Sustainable Business","dynamic capabilities; eco-innovation; leadership; corporate social responsibility; the attitude of future managers towards CSR; ethical aspects of companies’ operations","THEMA EDITEUR::T TECHNOLOGY, ENGINEERING, AGRICULTURE, INDUSTRIAL PROCESSES::TB TECHNOLOGY: GENERAL ISSUES | THEMA EDITEUR::T TECHNOLOGY, ENGINEERING, AGRICULTURE, INDUSTRIAL PROCESSES::TB TECHNOLOGY: GENERAL ISSUES::TBX HISTORY OF ENGINEERING AND TECHNOLOGY | THEMA EDITEUR::T TECHNOLOGY, ENGINEERING, AGRICULTURE, INDUSTRIAL PROCESSES::TQ ENVIRONMENTAL SCIENCE, ENGINEERING AND TECHNOLOGY","Management",9,"Applied Sciences",6,3,"subject keyword +4; abstract +1; subject keyword +4",
"Sporočila prostora","collective volume; history; Slovenia; spatial planning; prostorsko urejanje; Slovenija","THEMA EDITEUR::1 PLACE QUALIFIERS::1D EUROPE::1DX SOUTHEAST EUROPE::1DXV SLOVENIA | THEMA EDITEUR::N HISTORY AND ARCHAEOLOGY::NK ARCHAEOLOGY::NKL LANDSCAPE ARCHAEOLOGY","Arts",7,"",0,7,"code N +3; subject keyword +4",
"Reducing Oral Health Disparities: What Can We Learn from Social; Environmental and Cultural Factors?","social determinants of oral health; immigrant oral health; interprofessional education; oral health inequalities; access to care","THEMA EDITEUR::M MEDICINE AND NURSING","Dental",9,"Education and Social Sciences",4,5,"subject keyword +4; title +4; abstract +1",
"A New Division of Labor","Political Science; Management & Organizational Behavior","THEMA EDITEUR::K ECONOMICS, FINANCE, BUSINESS AND MANAGEMENT::KJ BUSINESS AND MANAGEMENT::KJM MANAGEMENT AND MANAGEMENT TECHNIQUES::KJMV MANAGEMENT OF SPECIFIC AREAS::KJMV2 PERSONNEL AND HUMAN RESOURCES MANAGEMENT | THEMA EDITEUR::J SOCIETY AND SOCIAL SCIENCES::JW WARFARE AND DEFENCE","Management",18,"Education and Social Sciences",4,14,"code KJ +6; code KJM +7; subject keyword +4; abstract +1",
"Promesses alimentaires","sociologie; alimentation; anthropologie; histoire","THEMA EDITEUR::J SOCIETY AND SOCIAL SCIENCES::JB SOCIETY AND CULTURE: GENERAL::JBC CULTURAL AND MEDIA STUDIES::JBCC CULTURAL STUDIES::JBCC4 CULTURAL STUDIES: FOOD AND SOCIETY | THEMA EDITEUR::J SOCIETY AND SOCIAL SCIENCES::JH SOCIOLOGY AND ANTHROPOLOGY::JHB SOCIOLOGY | THEMA EDITEUR::J SOCIETY AND SOCIAL SCIENCES::JH SOCIOLOGY AND ANTHROPOLOGY::JHM ANTHROPOLOGY","Education and Social Sciences",16,"",0,16,"code JB +6; code JH +6; subject keyword +4",
"Novel Anticancer Strategies","tumor-homing extracellular vesicles; pH-sensitive extracellular vesicles; doxorubicin; tumor therapy; pancreatic cancer; targeted tumor therapy","THEMA EDITEUR::M MEDICINE AND NURSING | THEMA EDITEUR::M MEDICINE AND NURSING::MJ CLINICAL AND INTERNAL MEDICINE::MJC DISEASES AND DISORDERS::MJCL ONCOLOGY","Medical Sciences",15,"Nano Technology",5,10,"code MJ +6; subject keyword +4; abstract +1; subject keyword +4",
"Sociologie d'un grand équipement scientifique","synchrotron; science; organisation; European synchrotron radiation facility; sociologie","","Education and Social Sciences",8,"Civil / Construction Engineering",1,7,"subject keyword +4; title +4",
"Multiple Pregnancy","breastfeeding; monochorionic; mortality; prematurity; lactation; morbidity","THEMA EDITEUR::M MEDICINE AND NURSING::MK MEDICAL SPECIALTIES, BRANCHES OF MEDICINE::MKC GYNAECOLOGY AND OBSTETRICS","Medical Sciences",7,"Arts",1,6,"code MK +6; abstract +1",
"Subjetividad y Cultura : ¿Reflexiones prontas o tardías sobre la investigación en psicoanálisis?","Psicoanálisis; Psicología; Cultura","BIC BOOK INDUSTRY COMMUNICATION::J SOCIETY & SOCIAL SCIENCES::JM PSYCHOLOGY::JMA PSYCHOLOGICAL THEORY & SCHOOLS OF THOUGHT | THEMA EDITEUR::J SOCIETY AND SOCIAL SCIENCES::JM PSYCHOLOGY::JMA PSYCHOLOGICAL THEORY, SYSTEMS, SCHOOLS AND VIEWPOINTS","Education and Social Sciences",10,"",0,10,"code JM +6; subject keyword +4",
"Recursos educativos para el aula del siglo XXI","Recursos didácticos; Tecnología educativa; Educación ambiental; Innovación docente; Inclusión educativa; Habilidades socioemocionales","THEMA EDITEUR::J SOCIETY AND SOCIAL SCIENCES::JN EDUCATION::JNV EDUCATIONAL EQUIPMENT AND TECHNOLOGY, COMPUTER-AIDED LEARNING (CAL) | THEMA EDITEUR::J SOCIETY AND SOCIAL SCIENCES::JN EDUCATION::JNT TEACHING SKILLS AND TECHNIQUES","Education and Social Sciences",11,"Computer / IT",1,10,"code JN +6; abstract +1; subject keyword +4",
"The Metaphysics of Legal Facts","Legal philosophy","THEMA EDITEUR::L LAW::LA JURISPRUDENCE AND GENERAL ISSUES::LAB METHODS, THEORY AND PHILOSOPHY OF LAW","Law",12,"Arts",4,8,"code L +3; subject keyword +4; title +4; abstract +1",
"Microorganisms","Medical microbiology & virology","THEMA EDITEUR::M MEDICINE AND NURSING::MK MEDICAL SPECIALTIES, BRANCHES OF MEDICINE::MKF PATHOLOGY","Medical Sciences",11,"Life Sciences",4,7,"code MK +6; subject keyword +4; abstract +1",
"Guide méthodologique Miriades","recherche scientifique; partenariat; acteurs; étude d’impact; productions de savoirs; méthodologie scientifique","THEMA EDITEUR::J SOCIETY AND SOCIAL SCIENCES::JH SOCIOLOGY AND ANTHROPOLOGY::JHB SOCIOLOGY::JHBC SOCIAL RESEARCH AND STATISTICS","Education and Social Sciences",6,"",0,6,"code JH +6",
"TEATROS ROMANOS DE HISPANIA","","THEMA EDITEUR::T TECHNOLOGY, ENGINEERING, AGRICULTURE, INDUSTRIAL PROCESSES::TN CIVIL ENGINEERING, SURVEYING AND BUILDING::TNK BUILDING CONSTRUCTION AND MATERIALS::TNKX CONSERVATION OF BUILDINGS AND BUILDING MATERIALS","Civil / Construction Engineering",13,"",0,13,"code TN +6; code TNK +7",
"Islamic Public Value","Non-Western Public Administration; Islamic Public Administration; Public Value; Indigenous Institutions; Faith And Governance; Alternative Service Provision","JPP","Education and Social Sciences",6,"Arts",1,5,"code JPP +6",
"A Research Agenda for Financial Law and Regulation","Financial Regulation; Artificial Intelligence; Distributed Ledger; Technology; Open Finance; Cybersecurity","LNPF","Law",8,"Computer / IT",4,4,"code LNPF +3; title +4; abstract +1",
"L’éducation à la citoyenneté","éducation; politique; citoyenneté; pédagogie; sciences de l’éducation; république","BIC BOOK INDUSTRY COMMUNICATION::J SOCIETY & SOCIAL SCIENCES::JN EDUCATION::JNM HIGHER & FURTHER EDUCATION, TERTIARY EDUCATION | THEMA EDITEUR::J SOCIETY AND SOCIAL SCIENCES::JN EDUCATION::JNM HIGHER EDUCATION, TERTIARY EDUCATION","Education and Social Sciences",14,"",0,14,"code JN +6; subject keyword +4; title +4",
"Latin American Memories, Conflicts, and Futurities: Identity, Justice, and Social Change (Spanish Version)","memory; identity; social justice; Latin America; transformation","THEMA EDITEUR::J SOCIETY AND SOCIAL SCIENCES::JB SOCIETY AND CULTURE: GENERAL::JBC CULTURAL AND MEDIA STUDIES::JBCC CULTURAL STUDIES | THEMA EDITEUR::J SOCIETY AND SOCIAL SCIENCES | THEMA EDITEUR::J SOCIETY AND SOCIAL SCIENCES::JP POLITICS AND GOVERNMENT::JPA POLITICAL SCIENCE AND THEORY","Education and Social Sciences",13,"Arts",1,12,"code JB +6; code JP +6; abstract +1",
"universidad ante el genocidio, La","Ethical issues and debates","THEMA EDITEUR::J SOCIETY AND SOCIAL SCIENCES::JB SOCIETY AND CULTURE: GENERAL::JBF SOCIAL AND ETHICAL ISSUES::JBFV ETHICAL ISSUES AND DEBATES","Education and Social Sciences",6,"",0,6,"code JB +6",
"Steroids","Endocrinology","THEMA EDITEUR::M MEDICINE AND NURSING::MJ CLINICAL AND INTERNAL MEDICINE::MJG ENDOCRINOLOGY","Medical Sciences",11,"",0,11,"code MJ +6; subject keyword +4; abstract +1",
"Cátedra Unesco. Derechos humanos y violencia: Gobierno y gobernanza : Debates pendientes frente a los derechos de las víctimas","derechos civiles; violencia; derechos humanos; desplazamiento forzado","BIC BOOK INDUSTRY COMMUNICATION::L LAW","Law",12,"Medical Sciences",1,11,"code L +3; subject keyword +4; title +4; abstract +1",
"Sex Hormones in Neurodegenerative Processes and Diseases","alzheimer’s disease, neuroprotection, estrogens, testosterone, androgens, progesterone","THEMA EDITEUR::M MEDICINE AND NURSING::MJ CLINICAL AND INTERNAL MEDICINE::MJG ENDOCRINOLOGY","Medical Sciences",16,"Life Sciences",1,15,"code MJ +6; subject keyword +4; title +4; abstract +1; abstract +1",
"Smart Devices and Systems for Vibration Sensing and Energy Harvesting","temperature and humidity control; decoupling control; reliability test; microtester; strain sensor; negative resistance sensitivity coefficient","THEMA EDITEUR::T TECHNOLOGY, ENGINEERING, AGRICULTURE, INDUSTRIAL PROCESSES::TB TECHNOLOGY: GENERAL ISSUES | THEMA EDITEUR::T TECHNOLOGY, ENGINEERING, AGRICULTURE, INDUSTRIAL PROCESSES::TB TECHNOLOGY: GENERAL ISSUES::TBX HISTORY OF ENGINEERING AND TECHNOLOGY","Applied Mechanics",9,"Applied Sciences",6,3,"subject keyword +4; title +4; abstract +1",
"Nevidna srednjeveška Evropa","10/14th century; Bled (surroundings); e-books; history; 10.-14. st.; Bled (okolica)","THEMA EDITEUR::1 PLACE QUALIFIERS::1D EUROPE::1DX SOUTHEAST EUROPE::1DXV SLOVENIA | THEMA EDITEUR::N HISTORY AND ARCHAEOLOGY::NK ARCHAEOLOGY::NKD ARCHAEOLOGY BY PERIOD / REGION | THEMA EDITEUR::1 PLACE QUALIFIERS::1D EUROPE","Arts",8,"",0,8,"code N +3; subject keyword +4; abstract +1",
"Les professions et leurs sociologies : Modèles théoriques, catégorisations, évolutions","profession; catégorie socio-professionnelle; France; sociologie","BIC BOOK INDUSTRY COMMUNICATION::H HUMANITIES","Education and Social Sciences",9,"Arts",3,6,"subject keyword +4; title +4; abstract +1",
"Telemedicine in Low-Resource Settings, Volume 2","telemedicine; humanitarian; low-resource settings","THEMA EDITEUR::M MEDICINE AND NURSING | THEMA EDITEUR::M MEDICINE AND NURSING::MB MEDICINE: GENERAL ISSUES::MBN PUBLIC HEALTH AND PREVENTIVE MEDICINE","Medical Sciences",13,"",0,13,"code MB +6; code MBN +7",
"New Insights in Machine Learning and Deep Neural Networks","generative adversarial networks; data augmentation; object identification and scene classification; medical imaging; detecting fake news on social media; facial expression recognition","THEMA EDITEUR::K ECONOMICS, FINANCE, BUSINESS AND MANAGEMENT::KN INDUSTRY AND INDUSTRIAL STUDIES::KNT MEDIA, ENTERTAINMENT, INFORMATION AND COMMUNICATION INDUSTRIES::KNTX INFORMATION TECHNOLOGY INDUSTRIES | THEMA EDITEUR::U COMPUTING AND INFORMATION TECHNOLOGY::UY COMPUTER SCIENCE","Computer / IT",11,"Management",7,4,"code UY +6; title +4; abstract +1",
"La utopía de la formación emocional en las organizaciones educativas","Educación emocional; Docentes; Escuelas normales; Desarrollo de competencias; Investigación","THEMA EDITEUR::J SOCIETY AND SOCIAL SCIENCES::JN EDUCATION","Education and Social Sciences",11,"",0,11,"code JN +6; subject keyword +4; abstract +1",
"The Cambridge Global Handbook of Financial Infrastructure","International Political Economy; International Relations; Social Studies of Finance; Economic Sociology; International Economics; Economic Geography","THEMA EDITEUR::K ECONOMICS, FINANCE, BUSINESS AND MANAGEMENT::KF FINANCE AND ACCOUNTING::KFF FINANCE AND THE FINANCE INDUSTRY | THEMA EDITEUR::K ECONOMICS, FINANCE, BUSINESS AND MANAGEMENT::KC ECONOMICS::KCP POLITICAL ECONOMY | THEMA EDITEUR::J SOCIETY AND SOCIAL SCIENCES::JP POLITICS AND GOVERNMENT::JPS INTERNATIONAL RELATIONS","Commerce",24,"Education and Social Sciences",14,10,"code KF +6; code KFF +7; code KC +6; subject keyword +4; abstract +1",
"Efficient Reinforcement Learning using Gaussian Processes","autonomous learning; Gaussian processes; control; machine learning; Bayesian inference","BIC BOOK INDUSTRY COMMUNICATION::U COMPUTING & INFORMATION TECHNOLOGY::UY COMPUTER SCIENCE","Computer / IT",11,"",0,11,"code UY +6; subject keyword +4; abstract +1",
"Hegel and Colonialism","Ancient philosophy; Classical philosophy; History of philosophy","THEMA EDITEUR::Q PHILOSOPHY AND RELIGION::QD PHILOSOPHY","Arts",7,"",0,7,"code Q +3; subject keyword +4",
"Hydrometeorological Extremes and Its Local Impacts on Human-Environmental Systems","flood risk; urban flood forecasting and warning; inland-river combined flood system; LSTM; artificial neural network; neurons","THEMA EDITEUR::G REFERENCE, INFORMATION AND INTERDISCIPLINARY SUBJECTS::GP RESEARCH AND INFORMATION: GENERAL | THEMA EDITEUR::R EARTH SCIENCES, GEOGRAPHY, ENVIRONMENT, PLANNING::RB EARTH SCIENCES::RBP METEOROLOGY AND CLIMATOLOGY","Science",11,"",0,11,"code RB +6; subject keyword +4; abstract +1",
"Quincy's Market","History of the Americas","THEMA EDITEUR::N HISTORY AND ARCHAEOLOGY::NH HISTORY::NHK HISTORY OF THE AMERICAS","Arts",8,"Life Sciences",1,7,"code N +3; subject keyword +4; abstract +1",
"Publicystyka Henryka Sienkiewicza","Henryk Sienkiewicz; 19th-century journalism; Language; Style; Genre","THEMA EDITEUR::D BIOGRAPHY, LITERATURE AND LITERARY STUDIES::DS LITERATURE: HISTORY AND CRITICISM::DSB LITERARY STUDIES: GENERAL | THEMA EDITEUR::C LANGUAGE AND LINGUISTICS::CF LINGUISTICS","Arts",6,"",0,6,"code D +3; code C +3",
"Application of Artificial Intelligence in Land Use and Land Cover Mapping II","deep learning; remote sensing; land use classification; sentinel; time series; synthetic aperture radar (SAR)","THEMA EDITEUR::G REFERENCE, INFORMATION AND INTERDISCIPLINARY SUBJECTS::GP RESEARCH AND INFORMATION: GENERAL","Computer / IT",9,"Agriculture",4,5,"subject keyword +4; title +4; abstract +1",
"A construção da notícia","News media and journalism","THEMA EDITEUR::K ECONOMICS, FINANCE, BUSINESS AND MANAGEMENT::KN INDUSTRY AND INDUSTRIAL STUDIES::KNT MEDIA, ENTERTAINMENT, INFORMATION AND COMMUNICATION INDUSTRIES::KNTP PUBLISHING INDUSTRY AND JOURNALISM::KNTP2 NEWS MEDIA AND JOURNALISM","Management",6,"",0,6,"code KN +6",
"L’assiette du touriste","tourisme; culture; histoire; alimentation; histoire contemporaine; gastronomie","THEMA EDITEUR::J SOCIETY AND SOCIAL SCIENCES::JH SOCIOLOGY AND ANTHROPOLOGY::JHB SOCIOLOGY","Education and Social Sciences",6,"",0,6,"code JH +6",
"Reactive Oxygen Species","","THEMA EDITEUR::P MATHEMATICS AND SCIENCE::PS BIOLOGY, LIFE SCIENCES::PSF CELLULAR BIOLOGY (CYTOLOGY)","Life Sciences",6,"",0,6,"code PS +6",
"Infants’ Understanding and Production of Goal-Directed Actions in the Context of Social and Object-Related Interactions","motor development; Infancy; action understanding; motor experience; motor learning; social cognition","BIC BOOK INDUSTRY COMMUNICATION::J SOCIETY & SOCIAL SCIENCES::JM PSYCHOLOGY | THEMA EDITEUR::J SOCIETY AND SOCIAL SCIENCES::JM PSYCHOLOGY","Education and Social Sciences",6,"",0,6,"code JM +6",
"Le souffle du Off sur Avignon","Arts du spectacle; Avignon; Théâtre; Festival Off","THEMA EDITEUR::A THE ARTS::AT PERFORMING ARTS::ATD THEATRE STUDIES | THEMA EDITEUR::J SOCIETY AND SOCIAL SCIENCES::JB SOCIETY AND CULTURE: GENERAL::JBC CULTURAL AND MEDIA STUDIES::JBCC CULTURAL STUDIES::JBCC1 POPULAR CULTURE","Education and Social Sciences",6,"",0,6,"code JB +6",
"Surgery of the Knee","Surgical orthopaedics and fractures","THEMA EDITEUR::M MEDICINE AND NURSING::MN SURGERY::MNS SURGICAL ORTHOPAEDICS AND FRACTURES","Medical Sciences",10,"",0,10,"code MN +6; title +4",
"Steering epistemic access in higher education in South Africa","History; African Studies; Education","THEMA EDITEUR::N HISTORY AND ARCHAEOLOGY::NH HISTORY::NHH AFRICAN HISTORY | THEMA EDITEUR::J SOCIETY AND SOCIAL SCIENCES::JN EDUCATION::JNM HIGHER EDUCATION, TERTIARY EDUCATION","Education and Social Sciences",14,"Arts",7,7,"code JN +6; subject keyword +4; title +4",
"Retórica à moda brasileira","History of education","THEMA EDITEUR::J SOCIETY AND SOCIAL SCIENCES::JN EDUCATION::JNB HISTORY OF EDUCATION","Education and Social Sciences",10,"Arts",4,6,"code JN +6; subject keyword +4",
"Apoptosis and Medicine","Medical genetics","THEMA EDITEUR::M MEDICINE AND NURSING::MF PRE-CLINICAL MEDICINE: BASIC SCIENCES::MFN MEDICAL GENETICS","Medical Sciences",14,"Life Sciences",4,10,"subject keyword +4; title +4; abstract +1; title +4; abstract +1",
"La investigación en administración","Colaboración científica; desafíos organizacionales; gestión efectiva; investigación en administración; metodologías de investigación","ADMINISTRACIÓN","Management",8,"",0,8,"subject keyword +4; title +4",
"Sociología de las migraciones","Comunicación; Sociología; Migración; Política; Políticas públicas; Identidad cultural","THEMA EDITEUR::J SOCIETY AND SOCIAL SCIENCES::JB SOCIETY AND CULTURE: GENERAL::JBF SOCIAL AND ETHICAL ISSUES::JBFH MIGRATION, IMMIGRATION AND EMIGRATION | THEMA EDITEUR::5 INTEREST QUALIFIERS::5P RELATING TO SPECIFIC GROUPS AND CULTURES OR SOCIAL AND CULTURAL INTERESTS::5PB RELATING TO PEOPLES: ETHNIC GROUPS, INDIGENOUS PEOPLES, CULTURES AND OTHER GROUPINGS OF PEOPLE::5PBC RELATING TO MIGRANT GROUPS / DIASPORA COMMUNITIES OR PEOPLES","Education and Social Sciences",14,"Law",4,10,"code JB +6; subject keyword +4; title +4",
"HIV Testing","Infectious & contagious diseases","THEMA EDITEUR::M MEDICINE AND NURSING::MJ CLINICAL AND INTERNAL MEDICINE::MJC DISEASES AND DISORDERS::MJCJ INFECTIOUS AND CONTAGIOUS DISEASES","Medical Sciences",7,"Management",1,6,"code MJ +6; abstract +1",
"Pausânias. Descrição da Grécia. Livro VIII","Travel literature; Roman Greece; archaeology; art; religion","THEMA EDITEUR::D BIOGRAPHY, LITERATURE AND LITERARY STUDIES::DB ANCIENT, CLASSICAL AND MEDIEVAL TEXTS","Arts",8,"",0,8,"code D +3; subject keyword +4; abstract +1",
"10th Anniversary of Axioms: Mathematical Physics","weak detonation; high activation regime; nonlinear PDEs; Fuchsian reduction analysis; Lorentz transformation; blow-up","THEMA EDITEUR::G REFERENCE, INFORMATION AND INTERDISCIPLINARY SUBJECTS::GP RESEARCH AND INFORMATION: GENERAL | THEMA EDITEUR::P MATHEMATICS AND SCIENCE::PS BIOLOGY, LIFE SCIENCES | THEMA EDITEUR::P MATHEMATICS AND SCIENCE::PS BIOLOGY, LIFE SCIENCES::PSV ZOOLOGY AND ANIMAL SCIENCES","Science",9,"Life Sciences",6,3,"subject keyword +4; title +4; abstract +1",
"Filarete","Renaissance; Architectural History; Kulturgeschichte; Architectural Theory; Filarete (Antonio di Pietro Averlino); Architekturgeschichte","","Architecture",8,"Arts",4,4,"subject keyword +4; subject keyword +4",
"Signal Processing and Artificial Intelligence Technology for High-End Equipment Fault Diagnosis","data fusion; axle box bearing; fault diagnosis; characteristic frequency; bandpass filtering; industrial collaborative robot","","Medical Sciences",9,"Computer / IT",5,4,"subject keyword +4; title +4; abstract +1",
"La paroisse, communauté et territoire : Constitution et recomposition du maillage paroissial","communauté; catholique; croyant; diocèse; église; paroisse","BIC BOOK INDUSTRY COMMUNICATION::H HUMANITIES::HR RELIGION & BELIEFS | THEMA EDITEUR::Q PHILOSOPHY AND RELIGION::QR RELIGION AND BELIEFS","Arts",10,"Civil / Construction Engineering",1,9,"code H +3; code Q +3; subject keyword +4",
"Patricians and Popolani","European history: Renaissance","THEMA EDITEUR::N HISTORY AND ARCHAEOLOGY::NH HISTORY::NHD EUROPEAN HISTORY","Arts",7,"",0,7,"code N +3; subject keyword +4",
